Workbook

Sheet Read me
A1: AgriAI Malawi knowledge base
A2: What this is | B2: Everything the app teaches farmers: Learn guides, What to do steps, Did you know cards, the My season plan and advisor suggestions. Edit here, export, and the app updates without a code change.
A4: Tabs
A5: Topics | B5: One row per Learn topic.
A6: Facts | B6: One row per tip or step. The main tab.
A7: Sources | B7: One row per source and fact. Several sources for one fact = several rows.
A8: Season stages | B8: The dated steps in My season, timed in weeks from planting.
A9: Advisor questions | B9: Suggested questions shown in the advisor.
A11: Column colours
A12: Dark green header | B12: Farmer-facing text. Shown in the app, so keep it short and plain.
A13: Grey header | B13: Controls how and where things show (ids, order, icons, dropdowns).
A14: Brown header | B14: For the team only. Never shown in the app.
A15: Light grey cells | B15: Automatic formulas. Do not type in them.
A16: Hover a header | B16: Each header has a comment explaining what goes in it.
A18: Rules
A19: 1. One idea per row | B19: Do not put a paragraph in one cell. The app turns each row into one card or step.
A20: 2. Keep farmer text short | B20: action under 10 words, title under 8, farmer_summary under 25. Cells turn orange when too long.
A21: 3. Status decides what is live | B21: Only status = live is shown. Set live only when ready_to_go_live says Yes (at least one checked source).
A22: 4. Never change an id | B22: Saved notes and chats link to ids. To remove a row, set status to retired instead of deleting it.
A23: 5. Numbers need unit and region | B23: Write '2 bags per acre, Central region', not just '2'.
A24: 6. No dashes in farmer text | B24: Use commas or full stops, to match the app style.
A25: 7. Add, don't edit, dropdown lists | B25: To add a new option (e.g. a new region), ask Amy; the lists live on a hidden Lists tab.
A27: Status
A28: draft | B28: Being written. Not shown.
A29: checked | B29: Content and sources verified by a second person. Not shown yet.
A30: live | B30: Shown in the app.
A31: retired | B31: Kept for history and old saved notes. Not shown.
A33: Workflow
A34: Steps | B34: Joey edits this sheet → export each tab as CSV → the backend import script loads it into the database → the app updates.
A35: Current content | B35: The rows already in each tab are what the prototype shows today. Everything is still draft and sources are unchecked.
A37: Checks (automatic)
A38: Facts in total | B38: =COUNTA(Facts!A2:A300) -> 21
A39: Facts live | B39: =COUNTIF(Facts!K2:K300,"live") -> 0
A40: Facts ready to go live | B40: =COUNTIF(Facts!R2:R300,"Yes") -> 0
A41: Live facts with no checked source | B41: =COUNTIFS(Facts!K2:K300,"live",Facts!Q2:Q300,0) -> 0
A42: Facts with no source at all | B42: =COUNTIFS(Facts!A2:A300,"<>",Facts!P2:P300,0) -> 13
A43: Sources in total | B43: =COUNTA(Sources!A2:A300) -> 22
A44: Sources checked | B44: =COUNTIF(Sources!J2:J300,"yes") -> 0
A45: Sources with a broken fact_id | B45: =COUNTIF(Sources!N2:N300,"Fact id not found") -> 0
A46: Season stages needing a fix | B46: =COUNTA('Season stages'!A2:A300)-COUNTIF('Season stages'!L2:L300,"OK") -> 0

Sheet Topics
A1: topic | B1: order | C1: why | D1: visual | E1: ordered_steps | F1: live_facts | G1: all_facts | H1: notes
A2: Planting | B2: 1 | C2: The first good rains start the season. Every week you wait, the crop has less time to grow. | D2: planting | E2: yes | F2: =COUNTIFS(Facts!$B:$B,A2,Facts!$K:$K,"live") -> 0 | G2: =COUNTIF(Facts!$B:$B,A2) -> 3
A3: Fertilizer | B3: 2 | C3: Fertilizer feeds the crop twice: once to start it, once when it grows fast. | D3: fertilizer | E3: yes | F3: =COUNTIFS(Facts!$B:$B,A3,Facts!$K:$K,"live") -> 0 | G3: =COUNTIF(Facts!$B:$B,A3) -> 3
A4: Seed | B4: 3 | C4: Hybrid seed gives more in a good season, but you must buy new seed each year. | D4: seed | E4: no | F4: =COUNTIFS(Facts!$B:$B,A4,Facts!$K:$K,"live") -> 0 | G4: =COUNTIF(Facts!$B:$B,A4) -> 3
A5: Soil | B5: 4 | C5: Healthy soil holds water and helps the crop use fertilizer. | D5: soil | E5: no | F5: =COUNTIFS(Facts!$B:$B,A5,Facts!$K:$K,"live") -> 0 | G5: =COUNTIF(Facts!$B:$B,A5) -> 3
A6: Mixed cropping | B6: 5 | C6: A legume row gives a second harvest and can feed the soil for next season. | D6: mixed | E6: no | F6: =COUNTIFS(Facts!$B:$B,A6,Facts!$K:$K,"live") -> 0 | G6: =COUNTIF(Facts!$B:$B,A6) -> 3
A7: Water | B7: 6 | C7: Dry spells are common. Water kept in the soil can save the harvest. | D7: water | E7: no | F7: =COUNTIFS(Facts!$B:$B,A7,Facts!$K:$K,"live") -> 0 | G7: =COUNTIF(Facts!$B:$B,A7) -> 3
A8: Storage | B8: 7 | C8: Weevils and damp can destroy a good harvest after it leaves the field. | D8: storage | E8: yes | F8: =COUNTIFS(Facts!$B:$B,A8,Facts!$K:$K,"live") -> 0 | G8: =COUNTIF(Facts!$B:$B,A8) -> 3

Sheet Facts
A1: id | B1: topic | C1: step_order | D1: action | E1: action_icon | F1: title | G1: farmer_summary | H1: fun_fact | I1: key_number | J1: applies_when | K1: status | L1: owner | M1: last_checked | N1: still_to_find | O1: research_notes | P1: sources | Q1: checked_sources | R1: ready_to_go_live
A2: plant-02 | B2: Planting | C2: 1 | D2: Prepare the field before the rains | E2: terrain | F2: Get the field ready early | G2: Clearing and ridging before the rains lets you plant as soon as the soil is wet. | J2: all farms | K2: draft | N2: Evidence that early land preparation helps farmers plant on time in Malawi. | P2: =COUNTIF(Sources!$B:$B,A2) -> 0 | Q2: =COUNTIFS(Sources!$B:$B,A2,Sources!$J:$J,"yes") -> 0 | R2: =IF(AND(D2<>"",F2<>"",G2<>"",Q2>=1),"Yes","Not yet") -> Not yet
A3: plant-03 | B3: Planting | C3: 2 | D3: Wait until the soil is wet a hand deep | E3: rain | F3: Wait for enough moisture | G3: Seed planted in dry soil can fail to come up if the rain stops again. | J3: all farms | K3: draft | N3: Local guidance on how much rain or soil moisture is needed before planting. | P3: =COUNTIF(Sources!$B:$B,A3) -> 0 | Q3: =COUNTIFS(Sources!$B:$B,A3,Sources!$J:$J,"yes") -> 0 | R3: =IF(AND(D3<>"",F3<>"",G3<>"",Q3>=1),"Yes","Not yet") -> Not yet
A4: plant-01 | B4: Planting | C4: 3 | D4: Plant within a week of the first good rains | E4: seed | F4: Plant with the first good rains | G4: Maize planted when the soil is wet after the first good rains uses the whole rainy season. Planting late shortens the season. | J4: all farms | K4: draft | N4: Yield lost per week of late planting in Malawi trials. | P4: =COUNTIF(Sources!$B:$B,A4) -> 3 | Q4: =COUNTIFS(Sources!$B:$B,A4,Sources!$J:$J,"yes") -> 0 | R4: =IF(AND(D4<>"",F4<>"",G4<>"",Q4>=1),"Yes","Not yet") -> Not yet
A5: fert-01 | B5: Fertilizer | C5: 1 | D5: Put basal fertilizer in at planting | E5: fert | F5: How much fertilizer for maize | G5: Most advice is a basal fertilizer at planting and urea top-dressing a few weeks later. | J5: all farms | K5: draft | N5: Malawi recommended rates per acre and the yield response at each rate. | P5: =COUNTIF(Sources!$B:$B,A5) -> 4 | Q5: =COUNTIFS(Sources!$B:$B,A5,Sources!$J:$J,"yes") -> 0 | R5: =IF(AND(D5<>"",F5<>"",G5<>"",Q5>=1),"Yes","Not yet") -> Not yet
A6: fert-02 | B6: Fertilizer | C6: 2 | D6: Top-dress with urea a few weeks later | E6: cal | F6: Top-dress when the crop grows fast | G6: Urea given a few weeks after planting feeds the crop when it needs nitrogen most. | J6: all farms | K6: draft | N6: Recommended timing of top-dressing, in weeks after planting. | P6: =COUNTIF(Sources!$B:$B,A6) -> 0 | Q6: =COUNTIFS(Sources!$B:$B,A6,Sources!$J:$J,"yes") -> 0 | R6: =IF(AND(D6<>"",F6<>"",G6<>"",Q6>=1),"Yes","Not yet") -> Not yet
A7: fert-03 | B7: Fertilizer | C7: 3 | D7: Place it near the plant and cover it | E7: check | F7: Put fertilizer where the roots are | G7: Fertilizer placed close to the plant and covered with soil is used better and washes away less. | J7: all farms | K7: draft | N7: Placement method recommended in Malawi and its effect on yield. | P7: =COUNTIF(Sources!$B:$B,A7) -> 0 | Q7: =COUNTIFS(Sources!$B:$B,A7,Sources!$J:$J,"yes") -> 0 | R7: =IF(AND(D7<>"",F7<>"",G7<>"",Q7>=1),"Yes","Not yet") -> Not yet
A8: seed-01 | B8: Seed | C8: 1 | D8: Buy certified seed from an agro-dealer | E8: coin | F8: Hybrid seed and local seed | G8: Hybrid seed usually yields more than local seed, but it must be bought new each season. | J8: all farms | K8: draft | N8: Yield difference on farmers' fields, and what happens with recycled hybrid seed. | P8: =COUNTIF(Sources!$B:$B,A8) -> 3 | Q8: =COUNTIFS(Sources!$B:$B,A8,Sources!$J:$J,"yes") -> 0 | R8: =IF(AND(D8<>"",F8<>"",G8<>"",Q8>=1),"Yes","Not yet") -> Not yet
A9: seed-02 | B9: Seed | C9: 2 | D9: Don't replant seed saved from a hybrid crop | E9: alert | F9: Don't replant hybrid seed | G9: Seed saved from a hybrid crop gives a weaker crop the next season. | J9: all farms | K9: draft | N9: Yield of recycled hybrid seed compared with fresh seed. | P9: =COUNTIF(Sources!$B:$B,A9) -> 0 | Q9: =COUNTIFS(Sources!$B:$B,A9,Sources!$J:$J,"yes") -> 0 | R9: =IF(AND(D9<>"",F9<>"",G9<>"",Q9>=1),"Yes","Not yet") -> Not yet
A10: seed-03 | B10: Seed | C10: 3 | D10: Compare the seed price with the extra bags | E10: bag | F10: Compare cost and benefit | G10: Hybrid seed costs more, so it pays when the extra harvest is worth more than the seed. | J10: all farms | K10: draft | N10: Hybrid seed price and typical extra yield, to estimate the payoff. | P10: =COUNTIF(Sources!$B:$B,A10) -> 0 | Q10: =COUNTIFS(Sources!$B:$B,A10,Sources!$J:$J,"yes") -> 0 | R10: =IF(AND(D10<>"",F10<>"",G10<>"",Q10>=1),"Yes","Not yet") -> Not yet
A11: soil-02 | B11: Soil | C11: 1 | D11: Add compost or manure before planting | E11: leaf | F11: Compost and manure | G11: Compost and animal manure add nutrients and help the soil hold water. | J11: all farms | K11: draft | N11: Yield effect alone and when combined with a smaller amount of fertilizer. | P11: =COUNTIF(Sources!$B:$B,A11) -> 1 | Q11: =COUNTIFS(Sources!$B:$B,A11,Sources!$J:$J,"yes") -> 0 | R11: =IF(AND(D11<>"",F11<>"",G11<>"",Q11>=1),"Yes","Not yet") -> Not yet
A12: soil-03 | B12: Soil | C12: 2 | D12: Leave crop residue on the field | E12: zone | F12: Keep crop residue on the field | G12: Leaving maize stalks and leaves on the field adds organic matter and protects the soil. | J12: all farms | K12: draft | N12: Effect of keeping residue on soil and yield in Malawi. | P12: =COUNTIF(Sources!$B:$B,A12) -> 0 | Q12: =COUNTIFS(Sources!$B:$B,A12,Sources!$J:$J,"yes") -> 0 | R12: =IF(AND(D12<>"",F12<>"",G12<>"",Q12>=1),"Yes","Not yet") -> Not yet
A13: soil-01 | B13: Soil | C13: 3 | D13: Ask for a soil test before using lime | E13: info | F13: Soil quality and harvest | G13: Poor or acidic soil limits how much of the fertilizer the crop can use. | J13: all farms | K13: draft | N13: How soil organic matter and pH relate to maize yield in Malawi, and the effect of lime. | P13: =COUNTIF(Sources!$B:$B,A13) -> 2 | Q13: =COUNTIFS(Sources!$B:$B,A13,Sources!$J:$J,"yes") -> 0 | R13: =IF(AND(D13<>"",F13<>"",G13<>"",Q13>=1),"Yes","Not yet") -> Not yet
... A22: store-03 | B22: Storage | C22: 3 | D22: Keep bags off the floor and away from walls | E22: home | F22: Store off the floor | G22: Bags on the floor or against walls take up damp and are easy for pests to reach. | J22: all farms | K22: draft | N22: Storage losses with and without raised storage. | P22: =COUNTIF(Sources!$B:$B,A22) -> 0 | Q22: =COUNTIFS(Sources!$B:$B,A22,Sources!$J:$J,"yes") -> 0 | R22: =IF(AND(D22<>"",F22<>"",G22<>"",Q22>=1),"Yes","Not yet") -> Not yet

Sheet Sources
A1: source_id | B1: fact_id | C1: title | D1: publisher | E1: year | F1: url | G1: finding | H1: evidence_type | I1: region | J1: checked | K1: checked_by | L1: checked_on | M1: notes | N1: link_check
A2: src-001 | B2: plant-01 | C2: The unquantified cost of delay in African maize systems: an evidence gap for policy | D2: Frontiers in Agronomy | E2: 2026 | F2: https://www.frontiersin.org/journals/agronomy/articles/10.3389/fagro.2026.1861579/full | J2: no | N2: =IF(COUNTIF(Facts!$A:$A,B2)=0,"Fact id not found","OK") -> OK
A3: src-002 | B3: plant-01 | C3: Planting date and yield benefits from conservation agriculture practices across Southern Africa | D3: Agricultural Systems | F3: https://www.sciencedirect.com/science/article/abs/pii/S0308521X16305613 | J3: no | N3: =IF(COUNTIF(Facts!$A:$A,B3)=0,"Fact id not found","OK") -> OK
A4: src-003 | B4: plant-01 | C4: Studies on maize at Bunda, Malawi. I. Yield in relation to rainfall | D4: Experimental Agriculture | F4: https://resolve.cambridge.org/core/journals/experimental-agriculture/article/studies-on-maize-zea-mays-at-bunda-malawi-i-yield-in-relation-to-rainfall/1CE471FACF040E308942550F72275522 | J4: no | N4: =IF(COUNTIF(Facts!$A:$A,B4)=0,"Fact id not found","OK") -> OK
A5: src-004 | B5: fert-01 | C5: Maize Yield Response to Nitrogen in Malawi's Smallholder Production Systems | D5: IFPRI / CGSpace | F5: https://cgspace.cgiar.org/server/api/core/bitstreams/d32adc22-19f0-4e3a-92ca-61ca0afc67a8/content | J5: no | N5: =IF(COUNTIF(Facts!$A:$A,B5)=0,"Fact id not found","OK") -> OK
A6: src-005 | B6: fert-01 | C6: Optimizing Fertilizer Use within the Context of Integrated Soil Fertility Management in Malawi | D6: OFRA handbook, Chapter 9 | F6: https://agronomy.unl.edu/sites/unl.edu.ianr.agronomy-horticulture/files/media/file/OFRA%20Chapter%209_Malawi_HR.pdf | J6: no | N6: =IF(COUNTIF(Facts!$A:$A,B6)=0,"Fact id not found","OK") -> OK
A7: src-006 | B7: fert-01 | C7: An in-depth examination of maize yield response to fertilizer in Central Malawi reveals low profits and too many weeds | D7: Research article | F7: https://www.researchgate.net/publication/344047279_An_in-depth_examination_of_maize_yield_response_to_fertilizer_in_Central_Malawi_reveals_low_profits_and_too_many_weeds | J7: no | N7: =IF(COUNTIF(Facts!$A:$A,B7)=0,"Fact id not found","OK") -> OK
A8: src-007 | B8: fert-01 | C8: National Fertiliser Policy | D8: Government of Malawi, Ministry of Agriculture | F8: https://npc.mw/wp-content/uploads/2023/10/2021.03-National-Fertiliser-Policy-signed.pdf | J8: no | N8: =IF(COUNTIF(Facts!$A:$A,B8)=0,"Fact id not found","OK") -> OK
A9: src-008 | B9: seed-01 | C9: Can Adoption of Improved Maize Varieties Help Smallholder Farmers Adapt to Drought? Evidence from Malawi | D9: Research article | F9: https://www.researchgate.net/publication/272086269_Can_Adoption_of_Improved_Maize_Varieties_Help_Smallholder_Farmers_Adapt_to_Drought_Evidence_from_Malawi | J9: no | N9: =IF(COUNTIF(Facts!$A:$A,B9)=0,"Fact id not found","OK") -> OK
A10: src-009 | B10: seed-01 | C10: Adoption of fertiliser and hybrid seeds by smallholder maize farmers in Southern Malawi | D10: Development Southern Africa | F10: https://www.tandfonline.com/doi/full/10.1080/03768350500044065 | J10: no | N10: =IF(COUNTIF(Facts!$A:$A,B10)=0,"Fact id not found","OK") -> OK
A11: src-010 | B11: seed-01 | C11: Seed sector functioning and the adoption of improved varieties: Malawi study report | D11: KIT Royal Tropical Institute | F11: https://www.kit.nl/wp-content/uploads/2019/03/Malawi-Study-Report.pdf | J11: no | N11: =IF(COUNTIF(Facts!$A:$A,B11)=0,"Fact id not found","OK") -> OK
A12: src-011 | B12: soil-01 | C12: Soil nutrient status of smallholder farms in Malawi | D12: Communications in Soil Science and Plant Analysis | F12: https://www.tandfonline.com/doi/abs/10.1080/00103629809370135 | J12: no | N12: =IF(COUNTIF(Facts!$A:$A,B12)=0,"Fact id not found","OK") -> OK
A13: src-012 | B13: soil-01 | C13: Potential of reduced agricultural lime application rates to increase yield and profitability of maize through microdosing in central Malawi | D13: African Journal of Agricultural Research | F13: https://academicjournals.org/journal/AJAR/article-full-text/A317EA763817 | J13: no | N13: =IF(COUNTIF(Facts!$A:$A,B13)=0,"Fact id not found","OK") -> OK
A14: src-013 | B14: soil-02 | C14: Book of Abstracts on ISFM Technologies in Malawi | D14: African Plant Nutrition Institute | F14: https://www.apni.net/wp-content/uploads/2020/04/ISFM-Book-of-Abstracts-Malawi.pdf | J14: no | N14: =IF(COUNTIF(Facts!$A:$A,B14)=0,"Fact id not found","OK") -> OK
A15: src-014 | B15: mix-01 | C15: Biodiversity can support a greener revolution in Africa | D15: PNAS | E15: 2010 | F15: https://www.pnas.org/doi/10.1073/pnas.1007199107 | J15: no | N15: =IF(COUNTIF(Facts!$A:$A,B15)=0,"Fact id not found","OK") -> OK
A16: src-015 | B16: mix-01 | C16: Productivity and profitability of maize-legume cropping systems under conservation agriculture among smallholder farmers in Malawi | D16: Acta Agriculturae Scandinavica | F16: https://www.tandfonline.com/doi/full/10.1080/09064710.2020.1712470 | J16: no | N16: =IF(COUNTIF(Facts!$A:$A,B16)=0,"Fact id not found","OK") -> OK
A17: src-016 | B17: mix-01 | C17: Opportunities and constraints to legume diversification for sustainable maize production on smallholder farms in Malawi | D17: Renewable Agriculture and Food Systems | F17: https://www.cambridge.org/core/journals/renewable-agriculture-and-food-systems/article/abs/opportunities-and-constraints-to-legume-diversification-for-sustainable-maize-production-on-smallholder-farms-in-malawi/B4B3E45A545A82C7AEA3640584D0E484 | J17: no | N17: =IF(COUNTIF(Facts!$A:$A,B17)=0,"Fact id not found","OK") -> OK
A18: src-017 | B18: water-01 | C18: Can smallholder farmers buffer rainfall variability through conservation agriculture? On-farm practices and maize yields in Kenya and Malawi | D18: Environmental Research Letters | F18: https://iopscience.iop.org/article/10.1088/1748-9326/ab45ad | J18: no | N18: =IF(COUNTIF(Facts!$A:$A,B18)=0,"Fact id not found","OK") -> OK
A19: src-018 | B19: water-01 | C19: Impacts of conservation agriculture on soil structure and hydraulic properties of Malawian agricultural systems | D19: Soil and Tillage Research (open access) | F19: https://pmc.ncbi.nlm.nih.gov/articles/PMC7233133 | J19: no | N19: =IF(COUNTIF(Facts!$A:$A,B19)=0,"Fact id not found","OK") -> OK
A20: src-019 | B20: water-01 | C20: Conservation agriculture systems for Malawian smallholder farmers: long-term effects on crop productivity, profitability and soil quality | D20: Renewable Agriculture and Food Systems | F20: https://www.cambridge.org/core/journals/renewable-agriculture-and-food-systems/article/conservation-agriculture-systems-for-malawian-smallholder-farmers-longterm-effects-on-crop-productivity-profitability-and-soil-quality/8D96B9B89D8FA0F2F3ADBFDE5F8FE776 | J20: no | N20: =IF(COUNTIF(Facts!$A:$A,B20)=0,"Fact id not found","OK") -> OK
A21: src-020 | B21: store-01 | C21: Grain Hermetic Storage and Post-Harvest Loss Reduction in Sub-Saharan Africa | D21: Journal of Biosystems Engineering | F21: https://link.springer.com/article/10.1007/s42853-022-00130-4 | J21: no | N21: =IF(COUNTIF(Facts!$A:$A,B21)=0,"Fact id not found","OK") -> OK
A22: src-021 | B22: store-01 | C22: Impact of storage environment on the efficacy of hermetic storage bags | D22: Journal of Stored Products Research (open access) | F22: https://pmc.ncbi.nlm.nih.gov/articles/PMC5476195/ | J22: no | N22: =IF(COUNTIF(Facts!$A:$A,B22)=0,"Fact id not found","OK") -> OK
A23: src-022 | B23: store-01 | C23: Field efficacy of hermetic and other maize grain storage options under smallholder farmer management | D23: Research article | F23: https://www.researchgate.net/publication/316112963_Field_efficacy_of_hermetic_and_other_maize_grain_storage_options_under_smallholder_farmer_management | J23: no | N23: =IF(COUNTIF(Facts!$A:$A,B23)=0,"Fact id not found","OK") -> OK

Sheet Season stages
A1: stage_id | B1: order | C1: name | D1: tip | E1: weeks_from | F1: weeks_to | G1: fact_id | H1: applies_when | I1: status | J1: source_id | K1: notes | L1: check
A2: prep | B2: 1 | C2: Prepare the field | D2: Clear the land, make ridges and add compost or manure. | E2: -4 | F2: -1 | G2: plant-02 | H2: all farms | I2: draft | L2: =IF(F2<E2,"Check: ends before it starts",IF(AND(G2<>"",COUNTIF(Facts!$A:$A,G2)=0),"Fact id not found","OK")) -> OK
A3: plant | B3: 2 | C3: Plant with the first good rains | D3: Plant when the soil is wet a hand deep. | E3: 0 | F3: 1 | G3: plant-01 | H3: all farms | I3: draft | L3: =IF(F3<E3,"Check: ends before it starts",IF(AND(G3<>"",COUNTIF(Facts!$A:$A,G3)=0),"Fact id not found","OK")) -> OK
A4: basal | B4: 3 | C4: Put in basal fertilizer | D4: (depends on the farmer's plan) Use part of your fertilizer at planting, close to the seed and covered. | E4: 0 | F4: 1 | G4: fert-01 | H4: all farms | I4: draft | K4: The app personalises this tip with the farmer's planned bags of fertilizer. | L4: =IF(F4<E4,"Check: ends before it starts",IF(AND(G4<>"",COUNTIF(Facts!$A:$A,G4)=0),"Fact id not found","OK")) -> OK
A5: legume | B5: 4 | C5: Plant the legume between rows | D5: Pigeon peas, beans or groundnuts. | E5: 1 | F5: 3 | G5: mix-01 | H5: mixed fields | I5: draft | L5: =IF(F5<E5,"Check: ends before it starts",IF(AND(G5<>"",COUNTIF(Facts!$A:$A,G5)=0),"Fact id not found","OK")) -> OK
A6: weed1 | B6: 5 | C6: First weeding | D6: Weeds take water and food from young maize. | E6: 2 | F6: 3 | H6: all farms | I6: draft | L6: =IF(F6<E6,"Check: ends before it starts",IF(AND(G6<>"",COUNTIF(Facts!$A:$A,G6)=0),"Fact id not found","OK")) -> OK
A7: top | B7: 6 | C7: Top-dress with urea | D7: Put it near each plant when the soil is moist, then cover it. | E7: 3 | F7: 5 | G7: fert-02 | H7: all farms | I7: draft | L7: =IF(F7<E7,"Check: ends before it starts",IF(AND(G7<>"",COUNTIF(Facts!$A:$A,G7)=0),"Fact id not found","OK")) -> OK
A8: weed2 | B8: 7 | C8: Second weeding | D8: Keep the field clean until the maize is tall. | E8: 6 | F8: 7 | H8: all farms | I8: draft | L8: =IF(F8<E8,"Check: ends before it starts",IF(AND(G8<>"",COUNTIF(Facts!$A:$A,G8)=0),"Fact id not found","OK")) -> OK
A9: harvest | B9: 8 | C9: Harvest when the cobs are dry | D9: The husks turn brown and the cobs hang down. | E9: 17 | F9: 21 | H9: all farms | I9: draft | L9: =IF(F9<E9,"Check: ends before it starts",IF(AND(G9<>"",COUNTIF(Facts!$A:$A,G9)=0),"Fact id not found","OK")) -> OK
A10: store | B10: 9 | C10: Dry and store the grain | D10: Dry until the grain cracks when bitten, then store in a sealed bag. | E10: 19 | F10: 23 | G10: store-02 | H10: all farms | I10: draft | L10: =IF(F10<E10,"Check: ends before it starts",IF(AND(G10<>"",COUNTIF(Facts!$A:$A,G10)=0),"Fact id not found","OK")) -> OK

Sheet Advisor questions
A1: topic | B1: order | C1: question | D1: show | E1: notes
A2: Fertilizer | B2: 1 | C2: How much fertilizer should I use? | D2: yes
A3: Fertilizer | B3: 2 | C3: Is there a cheaper option than fertilizer? | D3: yes
A4: Seed | B4: 3 | C4: Is hybrid seed worth it? | D4: yes
A5: Planting | B5: 4 | C5: When should I plant? | D5: yes
A6: Soil | B6: 5 | C6: How can I improve my soil? | D6: yes
A7: Mixed cropping | B7: 6 | C7: Should I grow legumes with my maize? | D7: yes
A8: Water | B8: 7 | C8: What if the rains are poor? | D8: yes
A9: Storage | B9: 8 | C9: How do I store maize safely? | D9: yes

Sheet Lists
A1: status | B1: yes_no | C1: icon | D1: visual | E1: applies_when | F1: evidence_type | G1: region
A2: draft | B2: yes | C2: seed | D2: planting | E2: all farms | F2: research study | G2: Malawi
A3: checked | B3: no | C3: fert | D3: fertilizer | E3: mixed fields | F3: government guide | G3: Southern Africa
A4: live | C4: rain | D4: seed | E4: maize only | F4: NGO or extension guide | G4: Sub-Saharan Africa
A5: retired | C5: terrain | D5: soil | E5: uses fertilizer | F5: dataset | G5: Global
C6: zone | D6: mixed | E6: no fertilizer | F6: expert interview
C7: cal | D7: water | E7: sandy soil
C8: leaf | D8: storage | E8: acidic soil
C9: bag | E9: dry season outlook
C10: home
C11: check
C12: coin
C13: alert
C14: info
C15: target
C16: bulb
C17: book
C18: pin
